{"cameraMode":{"drawMode":0,"name":"Shaded","section":"Shading Mode"},"sceneLighting":true,"audioPlay":false,"sceneViewState":{"showFog":true,"showMaterialUpdate":false,"showSkybox":true,"showFlares":true,"showImageEffects":true,"showParticleSystems":true,"showVisualEffectGraphs":true,"m_FxEnabled":true},"in2DMode":false,"pivot":{"x":17.324169158935548,"y":18.296207427978517,"z":1.8443678617477418},"rotation":{"x":-0.33640792965888979,"y":0.6336356401443481,"z":-0.35593700408935549,"w":-0.5988714098930359},"size":14.142135620117188,"orthographic":false}